Cities,Latitude,Longitude,Max temperature,Humidity,Cloudiness,Wind Speed,Country,Date
dillingen,49.35,6.7333,283.62,99,67,1.1,DE,1667588975
novara,45.5853,8.5778,285.98,80,0,1.54,IT,1667588722
butaritari,3.0707,172.7902,299.51,74,99,3.44,KI,1667588977
airai,-8.9266,125.4092,288.91,83,71,0.82,TL,1667588931
portland,45.5234,-122.6762,286.77,92,100,6.71,US,1667588911
rikitea,-23.1203,-134.9692,294.38,70,0,5.55,PF,1667588978
venice,27.0998,-82.4543,303.79,60,5,1.79,US,1667588767
busselton,-33.65,115.3333,283.78,89,0,4.32,AU,1667588771
nome,64.5011,-165.4064,262.19,79,0,1.54,US,1667588978
albany,42.6001,-73.9662,295.14,53,30,0.45,US,1667588979
xining,36.6167,101.7667,275.28,61,100,0.42,CN,1667588980
mataura,-46.1927,168.8643,281.81,66,97,4.63,NZ,1667588980
cape town,-33.9258,18.4232,292.65,83,4,6.26,ZA,1667588787
chuy,-33.6971,-53.4616,291.18,55,0,5.16,UY,1667588981
umm lajj,25.0213,37.2685,298.66,59,100,1.6,SA,1667588981
kalmunai,7.4167,81.8167,297.43,94,100,4.04,LK,1667588981
hithadhoo,-0.6,73.0833,300.25,77,100,4.84,MV,1667588982
cauquenes,-35.9671,-72.3225,296.29,39,100,4.97,CL,1667588982
punta arenas,-53.15,-70.9167,288.21,67,75,6.69,CL,1667588787
seredka,58.1584,28.1858,273.01,82,11,2.79,RU,1667588982
moose factory,51.2585,-80.6094,276.14,93,100,4.63,CA,1667588983
kapaa,22.0752,-159.319,301.14,82,0,0.45,US,1667588783
aksarka,66.5606,67.7975,259.75,86,53,3.82,RU,1667588983
bethel,41.3712,-73.414,295.72,57,0,4.63,US,1667588983
leirvik,59.7798,5.5005,281.83,90,100,2.99,NO,1667588984
lavrentiya,65.5833,-171.0,261.45,81,99,4.69,RU,1667588984
burns lake,54.2331,-125.7533,272.87,88,100,1.72,CA,1667588984
saint george,37.1041,-113.5841,283.95,36,0,1.34,US,1667588827
nikolskoye,59.7035,30.7861,270.26,85,30,1.49,RU,1667588985
bredasdorp,-34.5322,20.0403,290.66,93,85,2.29,ZA,1667588985
hilo,19.7297,-155.09,295.51,98,100,3.13,US,1667588782
novonikolayevskiy,50.9738,42.3649,273.59,95,100,0.45,RU,1667588986
atuona,-9.8,-139.0333,298.47,79,2,7.91,PF,1667588729
jamestown,42.097,-79.2353,295.92,53,0,5.66,US,1667588986
awjilah,29.1081,21.2869,292.76,44,0,1.43,LY,1667588986
ribeira grande,38.5167,-28.7,293.37,88,75,4.12,PT,1667588790
pietarsaari,63.65,22.6833,279.26,93,96,5.02,FI,1667588987
vaini,-21.2,-175.2,297.51,78,12,8.66,TO,1667588987
saldanha,-33.0117,17.9442,289.81,94,37,2.88,ZA,1667588988
berlevag,70.8578,29.0864,278.15,81,100,3.09,NO,1667588988
ketchikan,55.3422,-131.6461,277.06,94,100,1.55,US,1667588988
leh,34.1667,77.5833,274.32,51,87,1.09,IN,1667588989
tautira,-17.7333,-149.15,297.06,85,100,7.75,PF,1667588989
otavi,-19.65,17.3333,299.47,19,31,4.32,NA,1667588989
clyde river,70.4692,-68.5914,257.16,83,100,2.91,CA,1667588814
sao filipe,14.8961,-24.4956,300.65,59,100,3.26,CV,1667588990
esterhazy,50.65,-102.0843,277.2,37,48,6.63,CA,1667588990
dunedin,-45.8742,170.5036,285.26,55,27,1.79,NZ,1667588990
pisco,-13.7,-76.2167,292.18,72,0,4.63,PE,1667588991
saint-philippe,-21.3585,55.7679,295.92,81,32,2.33,RE,1667588796
ushuaia,-54.8,-68.3,282.96,76,100,3.6,AR,1667588980
noumea,-22.2763,166.4572,299.82,99,99,6.03,NC,1667588991
simbahan,6.3032,120.5836,301.36,77,97,2.61,PH,1667588991
hermanus,-34.4187,19.2345,292.48,89,60,5.18,ZA,1667588992
saint-georges,12.0564,-61.7485,297.31,87,100,3.81,GD,1667588992
iroquois,40.7506,-87.8334,296.65,62,100,5.36,US,1667588992
port alfred,-33.5906,26.891,292.14,92,70,3.89,ZA,1667588993
broken hill,-31.95,141.4333,286.98,51,0,3.41,AU,1667588993
tuktoyaktuk,69.4541,-133.0374,260.45,93,100,4.39,CA,1667588993
gari,59.4307,62.3497,270.55,95,100,5.09,RU,1667588994
novyy urgal,51.0736,132.5642,264.3,89,100,0.71,RU,1667588994
pinotepa nacional,16.3167,-98.0167,303.34,60,78,2.99,MX,1667588994
qaanaaq,77.484,-69.3632,265.89,66,100,3.65,GL,1667588995
castro,-24.7911,-50.0119,291.78,47,35,1.26,BR,1667588995
taoudenni,22.6783,-3.9836,301.37,12,0,4.04,ML,1667588995
kozan,37.4552,35.8157,289.48,68,3,2.62,TR,1667588996
georgetown,5.4112,100.3354,299.39,89,40,1.54,MY,1667588996
carutapera,-1.195,-46.02,302.12,68,33,4.2,BR,1667588996
carnarvon,-24.8667,113.6333,292.28,74,0,9.92,AU,1667588802
svetlogorsk,52.6333,29.7333,276.67,93,27,2.6,BY,1667588997
tolaga bay,-38.3667,178.3,288.73,59,0,3.91,NZ,1667588997
dikson,73.5069,80.5464,268.24,96,100,2.05,RU,1667588997
jablanica,43.6603,17.7617,288.19,99,100,2.53,BA,1667588998
new norfolk,-42.7826,147.0587,284.77,74,88,0.78,AU,1667588998
vestmannaeyjar,63.4427,-20.2734,280.62,78,100,12.43,IS,1667588998
namatanai,-3.6667,152.4333,299.27,80,100,0.48,PG,1667588998
santa fe,-31.6333,-60.7,301.47,32,88,4.47,AR,1667588728
nabire,-3.3667,135.4833,297.92,89,99,1.32,ID,1667588999
madimba,-10.4,40.3333,297.22,83,1,3.69,TZ,1667588999
severo-kurilsk,50.6789,156.125,275.79,73,13,4.03,RU,1667588796
rivera,-30.9053,-55.5508,294.71,44,0,5.25,UY,1667589000
fort saint james,54.4333,-124.25,272.25,77,100,1.38,CA,1667589000
kavieng,-2.5744,150.7967,300.95,75,53,2.12,PG,1667588829
sopelana,43.3789,-2.9831,286.52,78,75,2.06,ES,1667589000
christchurch,-43.5333,172.6333,286.66,73,95,4.63,NZ,1667588920
aksay,47.26,39.87,281.62,48,100,3.58,RU,1667589001
ambon,-3.6954,128.1814,299.23,89,40,1.03,ID,1667588748
hobart,-42.8794,147.3294,284.85,88,100,1.54,AU,1667588769
ponta do sol,32.6667,-17.1,296.32,86,19,1.0,PT,1667589001
dingle,10.9995,122.6711,297.54,94,92,2.8,PH,1667589002
east london,-33.0153,27.9116,293.97,78,100,1.93,ZA,1667588803
mahebourg,-20.4081,57.7,295.51,81,100,1.82,MU,1667589003
roma,43.2128,-75.4557,295.35,43,0,5.14,US,1667589003
barrow,71.2906,-156.7887,264.16,79,75,4.12,US,1667589004
faanui,-16.4833,-151.75,297.8,86,94,11.64,PF,1667589004
byron bay,-28.65,153.6167,287.56,79,49,3.26,AU,1667588247
bethanien,-26.502,17.1583,291.59,42,0,7.1,NA,1667589005
road town,18.4167,-64.6167,300.2,88,20,5.66,VG,1667588852
luderitz,-26.6481,15.1594,289.56,86,1,2.06,NA,1667589006
kaitangata,-46.2817,169.8464,282.39,66,85,6.72,NZ,1667589006
show low,34.2542,-110.0298,276.53,71,75,3.6,US,1667588986
bluff,-46.6,168.3333,282.91,68,100,11.61,NZ,1667588783
port elizabeth,-33.918,25.5701,294.32,87,95,4.37,ZA,1667589007
aquiraz,-3.9014,-38.3911,305.62,64,83,4.52,BR,1667588845
gumdag,39.2061,54.5906,286.79,51,14,6.46,TM,1667589008
beawar,26.1,74.3167,297.49,28,5,2.94,IN,1667589008
longyearbyen,78.2186,15.6401,271.06,86,75,3.09,SJ,1667589010
helong,42.5397,128.9972,269.71,41,0,2.52,CN,1667589010
avarua,-21.2078,-159.775,297.18,78,75,4.63,CK,1667589012
matara,5.9485,80.5353,297.57,91,100,1.3,LK,1667589012
chokurdakh,70.6333,147.9167,245.48,95,99,0.84,RU,1667589013
mar del plata,-38.0023,-57.5575,293.61,76,0,11.18,AR,1667588847
katsuura,35.1333,140.3,288.41,69,100,8.33,JP,1667589013
beringovskiy,63.05,179.3167,257.55,94,87,1.21,RU,1667589014
muisne,0.6,-80.0333,298.51,72,95,5.4,EC,1667589014
molteno,-31.3968,26.3625,285.21,85,92,1.14,ZA,1667589015
channel-port aux basques,47.5702,-59.1367,283.13,87,100,5.7,CA,1667589015
ryotsu,38.0833,138.4333,283.64,62,80,4.48,JP,1667589016
mecca,21.4267,39.8261,299.02,52,100,0.98,SA,1667589016
provideniya,64.3833,-173.3,261.3,82,9,3.4,RU,1667589017
asyut,27.181,31.1837,294.63,41,37,4.53,EG,1667589017
nedjo,9.5046,35.5019,288.23,80,0,1.73,ET,1667589017
yellowknife,62.456,-114.3525,264.23,89,100,5.66,CA,1667589018
lagoa,39.05,-27.9833,290.91,85,100,4.17,PT,1667589018
bouillante,16.1304,-61.7692,300.72,67,100,4.22,GP,1667589020
paamiut,61.994,-49.6678,272.24,82,92,11.76,GL,1667588825
asosa,10.0667,34.5333,291.05,75,6,1.92,ET,1667589021
inyonga,-6.7167,32.0667,297.56,47,100,1.32,TZ,1667589021
georgiyevka,43.0369,74.7114,280.17,93,100,0.0,KZ,1667589022
la ronge,55.1001,-105.2842,268.27,86,100,5.14,CA,1667589022
premnitz,52.5333,12.3333,282.59,82,100,2.85,DE,1667589023
pospelikha,51.95,81.7667,277.72,73,100,2.99,RU,1667589024
tsiroanomandidy,-18.7667,46.0333,293.98,85,100,1.48,MG,1667589024
nouadhibou,20.931,-17.0347,295.43,71,0,7.74,MR,1667589025
arraial do cabo,-22.9661,-42.0278,294.07,68,75,5.14,BR,1667588792
parian dakula,5.5567,120.7719,301.48,72,64,1.77,PH,1667589025
corrales,35.2378,-106.6067,281.16,57,75,9.77,US,1667589026
vardo,70.3705,31.1107,276.14,93,40,8.75,NO,1667589026
sola,-13.8833,167.55,299.61,73,31,2.56,VU,1667589027
norman wells,65.282,-126.8329,260.13,89,100,5.02,CA,1667589027
terrace,54.5163,-128.6035,275.1,100,100,1.03,CA,1667589028
goundam,16.4145,-3.6708,302.73,11,0,3.53,ML,1667589028
chaman,30.9236,66.4512,289.76,37,2,0.67,PK,1667588902
hofn,64.2539,-15.2082,277.75,74,92,3.99,IS,1667589029
filadelfia,39.9523,-75.1638,297.62,66,40,2.57,US,1667588872
prescott valley,34.5894,-112.3252,281.66,40,0,2.57,US,1667589002
manacapuru,-3.2997,-60.6206,303.94,48,96,1.28,BR,1667589029
hasaki,35.7333,140.8333,284.94,58,100,7.41,JP,1667588751
churapcha,62.0025,132.4325,250.67,100,98,1.95,RU,1667589030
deputatskiy,69.3,139.9,247.1,86,95,1.32,RU,1667588852
haines junction,60.7522,-137.5108,262.96,85,100,2.63,CA,1667589031
rocha,-34.4833,-54.3333,291.24,58,11,5.8,UY,1667589031
lompoc,34.6391,-120.4579,293.06,43,10,1.34,US,1667588825
ancud,-41.8697,-73.8203,287.31,79,100,4.1,CL,1667589032
griffith,41.5284,-87.4237,294.99,70,100,5.66,US,1667589032
iquitos,-3.7481,-73.2472,304.17,48,40,2.57,PE,1667589033
guerrero negro,27.9769,-114.0611,293.9,32,0,0.29,MX,1667589034
kodiak,57.79,-152.4072,273.88,44,40,8.75,US,1667589034
juxtlahuaca,17.4294,-99.1467,301.36,62,34,1.73,MX,1667589035
ilulissat,69.2167,-51.1,271.16,93,100,3.09,GL,1667589035
bambous virieux,-20.3428,57.7575,295.49,81,100,1.68,MU,1667589035
coquimbo,-29.9533,-71.3436,289.0,67,75,4.63,CL,1667589036
lorengau,-2.0226,147.2712,300.15,78,98,0.64,PG,1667588868
tuatapere,-46.1333,167.6833,281.27,78,100,4.93,NZ,1667589036
richards bay,-28.783,32.0377,295.93,90,99,5.83,ZA,1667589037
blackwater,-23.5833,148.8833,289.89,75,0,4.88,AU,1667589037
tasiilaq,65.6145,-37.6368,272.53,84,100,7.61,GL,1667589037
wagar,16.1525,36.2032,303.16,43,0,5.78,SD,1667589038
santo antonio do sudoeste,-26.0736,-53.7253,296.16,49,13,2.16,BR,1667589038
vestmanna,62.1564,-7.1664,278.66,93,100,10.29,FO,1667589038
torbay,47.6666,-52.7314,285.03,74,15,2.23,CA,1667588742
mount gambier,-37.8333,140.7667,279.34,97,18,2.3,AU,1667588902
flinders,-34.5833,150.8552,287.25,82,2,2.24,AU,1667589039
talcahuano,-36.7167,-73.1167,286.97,72,100,4.12,CL,1667589039
tiksi,71.6872,128.8694,253.56,97,89,2.08,RU,1667589040
victoria,22.2855,114.1577,295.55,82,99,4.92,HK,1667589016
kembe,4.6228,21.8865,294.32,94,100,0.32,CF,1667589040
westport,41.1415,-73.3579,296.42,70,7,1.79,US,1667589040
piat,17.7905,121.478,296.31,92,98,1.31,PH,1667589041
ottawa,45.4112,-75.6981,294.81,56,90,1.79,CA,1667588861
mahon,39.8885,4.2658,289.46,63,20,4.12,ES,1667588987
port lincoln,-34.7333,135.8667,287.47,86,88,4.98,AU,1667588878
saskylakh,71.9167,114.0833,253.42,97,100,3.64,RU,1667589041
hlukhiv,51.6782,33.9162,278.2,87,100,1.51,UA,1667589041
grindavik,63.8424,-22.4338,280.41,87,75,10.29,IS,1667589042
sangar,63.9242,127.4739,253.77,98,100,2.33,RU,1667589042
muravlenko,63.7898,74.523,262.27,97,60,2.49,RU,1667589042
porto novo,6.4965,2.6036,299.32,82,100,2.14,BJ,1667589042
port-louis,-20.1619,57.4989,295.6,77,100,2.2,MU,1667589043
bengkulu,-3.8004,102.2655,297.32,88,100,1.56,ID,1667589043
jiexiu,37.0244,111.9125,281.85,57,88,0.93,CN,1667589043
marin,38.0666,-122.7344,289.58,71,100,0.89,US,1667589044
wattegama,6.7989,81.4808,296.13,97,100,1.45,LK,1667589044
bilibino,68.0546,166.4372,249.32,90,12,3.69,RU,1667589044
cherskiy,68.75,161.3,249.6,84,11,2.8,RU,1667589045
husavik,66.0449,-17.3389,275.74,86,100,2.97,IS,1667589045
umm kaddadah,13.6017,26.6876,299.57,19,31,5.53,SD,1667589045
nikko,36.75,139.6167,276.92,76,99,2.06,JP,1667589045
surt,31.2089,16.5887,294.23,60,0,4.37,LY,1667589046
port hedland,-20.3167,118.5667,293.18,68,4,3.09,AU,1667588913
inhambane,-23.865,35.3833,297.69,86,100,5.66,MZ,1667589046
ayan,56.45,138.1667,268.82,52,99,7.3,RU,1667589046
la asuncion,11.0333,-63.8628,299.62,75,100,0.59,VE,1667589047
puerto ayora,-0.7393,-90.3518,296.13,74,30,5.69,EC,1667589047
mulege,26.8833,-111.9833,294.75,35,0,8.21,MX,1667589047
cabo san lucas,22.8909,-109.9124,302.38,53,10,2.31,MX,1667588805
yar-sale,66.8333,70.8333,260.56,90,44,3.61,RU,1667588905
lebu,-37.6167,-73.65,287.67,76,100,4.26,CL,1667589048
santa cruz,-17.8,-63.1667,302.85,25,0,5.14,BO,1667589048
north bend,43.4065,-124.2243,288.1,92,100,6.17,US,1667589048
inuvik,68.3499,-133.7218,258.4,96,100,3.16,CA,1667589049
astana,51.1801,71.446,272.12,80,75,8.0,KZ,1667589049
kayes,14.0,-11.0,302.89,13,0,2.72,ML,1667589049
sampit,-2.5333,112.95,296.6,96,100,0.42,ID,1667589050
cervo,43.6702,-7.4101,286.31,68,40,1.2,ES,1667589050
samarai,-10.6167,150.6667,300.49,79,46,4.28,PG,1667589050
rock sound,24.9,-76.2,299.15,67,4,6.72,BS,1667589050
mehamn,71.0357,27.8492,278.12,87,75,2.06,NO,1667589051
kramat,-8.1311,113.4499,297.4,95,100,0.26,ID,1667589051
mayor pablo lagerenza,-19.9309,-60.7718,305.27,19,0,2.66,PY,1667589051
ucluelet,48.9329,-125.5528,284.87,94,100,0.45,CA,1667589052
aklavik,68.2191,-135.0107,260.45,94,100,4.79,CA,1667589052
omsukchan,62.5333,155.8,259.15,97,100,2.75,RU,1667589052
bodhan,18.6667,77.9,291.7,64,0,1.25,IN,1667589052
upernavik,72.7868,-56.1549,271.5,92,100,5.43,GL,1667589053
ozernovskiy,51.5,156.5167,276.66,71,99,7.09,RU,1667589053
venado tuerto,-33.7456,-61.9688,301.91,15,100,5.88,AR,1667589053
howard springs,-12.497,131.047,299.16,77,59,1.67,AU,1667589054
kruisfontein,-34.0033,24.7314,293.09,89,100,3.67,ZA,1667588865
buraydah,26.326,43.975,292.95,33,61,4.79,SA,1667588795
zhezkazgan,47.8043,67.7144,273.43,68,6,3.99,KZ,1667589054
kirgiz-miyaki,53.6324,54.7979,271.2,80,100,3.32,RU,1667589054
polyarnyy,69.1989,33.4478,276.07,97,100,3.88,RU,1667589055
iqaluit,63.7506,-68.5145,260.4,82,36,1.35,CA,1667589055
le mans,48.0,0.2,283.11,71,0,1.54,FR,1667589043
cidreira,-30.1811,-50.2056,292.16,59,4,4.19,BR,1667589055
constitucion,-35.3333,-72.4167,288.05,65,100,3.46,CL,1667588871
vetlanda,57.4289,15.0776,281.7,88,100,3.64,SE,1667589056
san javier,37.8063,-0.8374,295.35,19,0,5.81,ES,1667589056
san quintin,30.4833,-115.95,290.96,36,62,3.22,MX,1667589056
garwa,24.1833,83.8167,291.81,65,0,1.11,IN,1667589056
oksfjord,70.2396,22.3479,279.25,84,100,2.45,NO,1667589057
karratha,-20.7377,116.8463,297.59,53,6,4.61,AU,1667589057
liberty,31.8335,-81.5004,301.29,55,0,4.02,US,1667589045
luwuk,-0.9516,122.7875,298.17,87,80,1.43,ID,1667589057
singkawang,0.9,109.0,297.63,80,100,1.21,ID,1667588907
saint anthony,45.0205,-93.218,278.84,74,100,3.6,US,1667588916
egvekinot,66.3167,-179.1667,256.32,71,0,3.15,RU,1667589058
meybod,32.2501,54.0166,287.16,44,1,1.3,IR,1667588856
ostrovnoy,68.0531,39.5131,275.52,96,100,6.54,RU,1667589058
saint-paul,-21.0096,55.2707,296.21,82,65,0.76,RE,1667589059
kakrala,27.9,79.2,294.98,66,0,2.88,IN,1667589059
nanfeng,23.7434,111.7959,289.63,96,100,1.51,CN,1667589059
lichuan,30.3,108.85,283.22,93,100,0.96,CN,1667589059
touho,-20.7833,165.2333,298.48,79,32,6.59,NC,1667589060
susehri,40.1644,38.0867,283.09,63,25,1.79,TR,1667589060
three hills,51.7001,-113.2686,268.53,85,10,0.89,CA,1667589060
kharakvasla,18.4333,73.7667,293.19,51,0,1.55,IN,1667589061
aleksandrovka,46.8383,32.7612,281.84,68,13,2.81,UA,1667589061
billings,45.7833,-108.5007,283.87,30,75,7.6,US,1667588909
pierre,44.3683,-100.351,279.18,43,0,2.06,US,1667588810
joshimath,30.5667,79.5667,285.0,44,2,2.86,IN,1667589062
barcelos,41.5388,-8.6151,286.99,76,66,2.31,PT,1667589063
bismarck,46.8083,-100.7837,279.19,42,0,7.2,US,1667588822
nago,26.5881,127.9761,293.4,69,87,5.43,JP,1667589064
kenai,60.5544,-151.2583,269.34,87,0,1.54,US,1667589065
sarkand,45.41,79.9186,282.68,43,100,1.79,KZ,1667589065
kibakwe,-6.7167,36.3667,294.34,60,98,3.39,TZ,1667589065
yerbogachen,61.2767,108.0108,260.99,90,78,3.79,RU,1667589066
bhawanipatna,19.9,83.1667,290.78,63,0,1.43,IN,1667589066
benghazi,32.1167,20.0667,294.85,65,0,2.07,LY,1667588923
kahului,20.8947,-156.47,301.4,74,97,3.13,US,1667589067
lodwar,3.1191,35.5973,303.05,42,80,5.96,KE,1667589068
santo stino di livenza,45.735,12.6808,286.71,77,100,3.62,IT,1667589068
wajir,1.7471,40.0573,303.36,48,100,6.98,KE,1667589068
ambulu,-8.345,113.6058,297.57,94,100,1.38,ID,1667589069
bereda,43.2686,-7.5406,282.91,100,42,0.67,ES,1667589070
sretensk,52.2453,117.7093,259.52,97,39,0.62,RU,1667589070
oranjestad,12.524,-70.027,303.12,76,20,5.14,AW,1667589071
torata,-17.0769,-70.8433,293.94,22,0,5.72,PE,1667589071
cap malheureux,-19.9842,57.6142,295.63,77,100,1.34,MU,1667589071
ahipara,-35.1667,173.1667,288.99,79,1,3.67,NZ,1667589072
abu zabad,12.35,29.25,299.14,23,5,3.75,SD,1667589072
esperance,-33.8667,121.9,287.62,79,2,6.95,AU,1667589073
camacha,33.0833,-16.3333,292.83,88,75,6.17,PT,1667588794
salvador,13.8333,-88.9167,300.37,79,38,1.6,SV,1667589074
manicore,-5.8092,-61.3003,306.34,36,100,1.09,BR,1667588793
khatanga,71.9667,102.5,246.78,100,65,0.83,RU,1667589074
marfino,55.7028,37.3822,274.23,81,75,4.0,RU,1667589075
fairbanks,64.8378,-147.7164,262.34,86,100,2.06,US,1667589075
motygino,58.1831,94.7592,269.92,97,99,2.05,RU,1667589076
eskisehir,39.7767,30.5206,280.1,76,0,1.03,TR,1667589076
belyy yar,53.6039,91.3903,273.09,83,40,2.0,RU,1667589077
ippy,6.2679,21.2247,296.46,65,98,1.05,CF,1667589077
san patricio,28.017,-97.5169,304.07,67,75,10.33,US,1667589078
togur,58.3631,82.8265,268.56,92,100,2.51,RU,1667589078
brae,60.3964,-1.353,282.47,83,70,7.02,GB,1667589079
aswan,24.0934,32.907,297.0,27,12,2.74,EG,1667589079
codrington,-38.2667,141.9667,280.27,94,0,3.3,AU,1667589079
gulabpura,25.9,74.6667,297.89,27,8,3.06,IN,1667589080
hamilton,39.1834,-84.5333,297.93,54,40,6.69,US,1667589081
leningradskiy,69.3833,178.4167,256.55,95,100,2.4,RU,1667589082
amasia,40.6533,35.8331,282.0,86,9,1.69,TR,1667589082
pekalongan,-6.8886,109.6753,299.63,83,100,1.16,ID,1667589082
benxi,41.2886,123.765,268.33,57,0,2.65,CN,1667589083
miri,4.4148,114.0089,297.42,92,100,1.73,MY,1667589084
akhtanizovskaya,45.32,37.1,278.41,68,98,4.03,RU,1667589084
antofagasta,-23.65,-70.4,290.75,62,3,3.56,CL,1667589085
hovd,48.0056,91.6419,268.11,73,40,0.33,MN,1667589085
urusha,54.05,122.9,259.8,89,22,1.58,RU,1667589085
kasempa,-13.4584,25.8338,291.48,80,96,2.12,ZM,1667589086
beisfjord,68.3751,17.5988,278.73,84,100,2.93,NO,1667589087
itarema,-2.9248,-39.9167,302.02,64,14,5.72,BR,1667589088
abaza,52.655,90.0928,271.5,82,91,0.68,RU,1667589088
thompson,55.7435,-97.8558,264.24,86,100,1.03,CA,1667589089
baykit,61.67,96.37,259.81,99,93,1.0,RU,1667589089
sindor,62.8629,51.8905,265.39,95,27,1.19,RU,1667589090
trincomalee,8.5711,81.2335,299.68,79,100,2.46,LK,1667589090
guadalupe y calvo,26.1,-106.9667,289.14,23,0,5.67,MX,1667589092
doha,25.2867,51.5333,301.14,57,0,5.66,QA,1667589081
hurup,56.7494,8.4195,282.4,88,100,10.73,DK,1667589092
geraldton,-28.7667,114.6,287.38,77,0,6.17,AU,1667589093
istok,42.7808,20.4875,286.81,73,100,1.76,XK,1667589093
davila,18.4726,120.5763,299.54,78,28,2.72,PH,1667589093
ahuimanu,21.4447,-157.8378,301.99,77,40,2.06,US,1667589094
touros,-5.1989,-35.4608,301.34,67,61,4.17,BR,1667589094
port macquarie,-31.4333,152.9167,284.76,78,24,1.92,AU,1667589094
college,64.8569,-147.8028,262.33,86,100,2.06,US,1667588942
perry,37.2506,-83.1999,297.55,38,0,3.42,US,1667589095
dunkirk,51.05,2.3667,284.31,78,22,0.89,FR,1667589095
kamenka,51.3223,42.7678,274.31,99,100,1.66,RU,1667589096
grand gaube,-20.0064,57.6608,295.58,77,100,1.34,MU,1667589096
opuwo,-18.0607,13.84,296.88,19,23,4.88,NA,1667589096
marsh harbour,26.5412,-77.0636,299.03,67,1,8.12,BS,1667589096
nemuro,43.3236,145.575,277.44,63,2,5.73,JP,1667589097
chimbote,-9.0853,-78.5783,293.29,70,7,5.04,PE,1667589097
salamiyah,35.0113,37.0532,290.05,62,0,2.12,SY,1667589097
luanda,-8.8368,13.2343,299.15,83,20,4.12,AO,1667589098
diu,20.7141,70.9822,298.48,51,6,3.08,IN,1667589098
conceicao do araguaia,-8.2578,-49.2647,301.89,67,100,1.15,BR,1667589098
nanortalik,60.1432,-45.2371,274.82,78,95,5.8,GL,1667589099
los llanos de aridane,28.6585,-17.9182,294.01,93,40,6.69,ES,1667589099
zudilovo,53.4927,83.8937,274.85,93,100,3.31,RU,1667589099
champerico,14.3,-91.9167,302.38,70,37,2.3,GT,1667589099
bentiu,9.2333,29.8333,299.01,38,5,2.04,SS,1667589100
rudnogorsk,57.2639,103.7519,266.73,99,99,0.85,RU,1667589100
borgo san dalmazzo,44.333,7.4858,281.42,91,100,1.08,IT,1667588886
pimentel,-6.8367,-79.9342,295.31,56,0,7.72,PE,1667589100
sao jose da coroa grande,-8.8978,-35.1478,301.53,66,100,7.08,BR,1667589101
sao joao da barra,-21.6403,-41.0511,296.2,59,7,7.92,BR,1667589101
san jose,37.3394,-121.895,290.64,45,100,1.79,US,1667589001
korla,41.7597,86.1469,280.4,41,53,1.65,CN,1667589101
bani,18.2833,-70.3333,303.84,67,18,4.97,DO,1667589102
port keats,-14.25,129.55,300.36,74,10,1.45,AU,1667588855
terracina,41.2863,13.2217,289.3,99,100,0.89,IT,1667589102
fresnillo,23.1667,-102.8833,296.52,19,0,7.44,MX,1667589102
san pedro de macoris,18.4616,-69.2972,302.22,71,16,3.05,DO,1667589015
osakarovka,50.565,72.5692,272.82,74,100,8.52,KZ,1667589103
fortuna,40.5982,-124.1573,289.22,80,100,4.12,US,1667589103
lovozero,68.005,35.0117,273.96,92,100,1.93,RU,1667589103
kitamoto,36.036,139.541,286.49,51,99,0.93,JP,1667589103
sioux lookout,50.1001,-91.917,274.63,50,9,3.87,CA,1667589104
shitanjing,39.2342,106.3439,275.09,47,0,2.92,CN,1667589104
guozhen,34.3659,107.359,283.84,79,13,1.46,CN,1667589104
minab,27.1467,57.0801,299.47,66,29,2.19,IR,1667589105
raymondville,26.4815,-97.7831,306.21,51,26,10.86,US,1667589105
nchelenge,-9.3451,28.734,295.17,77,100,1.09,ZM,1667589105
mackay,-21.15,149.2,290.75,64,48,6.65,AU,1667589106
half moon bay,37.4636,-122.4286,290.32,63,100,3.09,US,1667589106
boende,-0.2167,20.8667,294.42,98,65,0.09,CD,1667589106
ejido,8.5514,-71.2375,297.62,80,100,2.21,VE,1667589107
puerto escondido,15.85,-97.0667,303.3,67,36,5.69,MX,1667589107
maradi,13.5,7.1017,300.99,20,51,4.34,NE,1667589107
voskresenskoye,56.8381,45.4317,273.75,88,100,1.4,RU,1667589108
chantada,42.6088,-7.7712,282.42,88,40,1.04,ES,1667589099
houma,29.5958,-90.7195,302.15,81,75,7.72,US,1667589108
bara,10.3744,10.7288,299.58,28,32,2.87,NG,1667589108
banjar,-8.19,114.9675,298.61,90,100,1.5,ID,1667589109
labuhan,-6.8844,112.2051,299.77,83,100,2.02,ID,1667589109
nassau,40.7507,-73.5829,296.45,69,0,4.63,US,1667588941
estepona,36.4276,-5.1459,295.14,77,19,3.23,ES,1667589075
salta,-24.7859,-65.4117,300.14,19,0,2.68,AR,1667589109
seymchan,62.8833,152.4333,252.87,98,100,1.85,RU,1667589110
westerland,54.9079,8.3033,285.16,66,20,8.23,DE,1667589110
teguise,29.0605,-13.564,294.27,64,20,6.17,ES,1667588929
valparaiso,-33.0393,-71.6273,290.95,67,0,5.66,CL,1667588867
bandarbeyla,9.4942,50.8122,298.96,77,0,3.78,SO,1667589110
pangody,65.85,74.4859,261.9,98,95,2.82,RU,1667589111
ilhabela,-23.7781,-45.3581,291.85,75,97,1.37,BR,1667589111
steamboat springs,40.485,-106.8317,271.12,67,0,2.57,US,1667588859
brigantine,39.4101,-74.3646,297.61,74,0,4.12,US,1667589111
najran,17.4924,44.1277,293.74,31,4,1.53,SA,1667589112
fare,-16.7,-151.0167,297.98,82,100,11.16,PF,1667589112
mafra,-26.1114,-49.8053,291.94,51,70,1.61,BR,1667588930
makakilo city,21.3469,-158.0858,301.33,67,0,3.6,US,1667589054
marawi,7.9986,124.2928,293.5,94,95,0.92,PH,1667589112
narsaq,60.9167,-46.05,281.27,68,100,3.67,GL,1667589113
coos bay,43.3665,-124.2179,288.14,92,100,6.17,US,1667588951
mikuni,36.2171,136.1519,285.24,73,99,6.82,JP,1667589113
adeje,28.1227,-16.726,294.64,82,20,7.2,ES,1667589114
bathsheba,13.2167,-59.5167,300.49,78,40,2.57,BB,1667589114
kavaratti,10.5669,72.642,301.15,73,100,2.76,IN,1667589115
sitka,57.0531,-135.33,277.09,87,75,0.0,US,1667589115
guaruja,-23.9931,-46.2564,295.28,53,16,3.58,BR,1667589115
pevek,69.7008,170.3133,248.21,93,10,1.56,RU,1667589116
ellensburg,46.9965,-120.5479,279.22,94,100,0.0,US,1667589116
lykhivka,48.6874,33.9228,280.21,76,27,1.55,UA,1667589116
krasnokamensk,50.0979,118.0369,261.79,87,18,1.32,RU,1667589116
savannah bight,16.45,-85.85,301.07,77,100,6.29,HN,1667588847
leninskoye,41.7589,69.3864,284.04,85,100,2.89,KZ,1667589117
samfya,-11.3649,29.5565,295.35,68,88,3.73,ZM,1667589117
yulara,-25.2406,130.9889,292.25,28,0,5.54,AU,1667589118
do gonbadan,30.3586,50.7981,292.1,43,16,1.51,IR,1667589118
jinchang,38.4953,102.1739,276.38,43,100,2.44,CN,1667589118
kyritz,52.9421,12.397,283.1,83,100,3.17,DE,1667589118
san policarpo,12.1791,125.5072,300.09,82,89,2.43,PH,1667589119
orlik,52.5178,99.825,261.38,87,22,0.96,RU,1667589119
scarborough,54.2797,-0.4044,281.43,85,11,1.79,GB,1667589119
avera,33.194,-82.5271,299.57,42,0,4.16,US,1667589120
pringsewu,-5.3582,104.9744,296.38,94,100,0.8,ID,1667589120
aksu,41.1231,80.2644,280.92,38,34,1.06,CN,1667589120
tilichiki,60.4667,166.1,273.95,98,100,15.55,RU,1667589121
ocampo,21.65,-101.5,296.82,27,0,4.97,MX,1667589121
killybegs,54.6333,-8.45,282.99,85,100,3.64,IE,1667589121
taman,45.2117,36.7161,284.11,69,96,4.08,RU,1667589122
maniitsoq,65.4167,-52.9,270.88,70,100,2.13,GL,1667589122
kaeo,-35.1,173.7833,287.77,97,14,1.48,NZ,1667588902
ileza,61.0533,43.9002,267.51,98,25,1.29,RU,1667589123
amapa,1.0,-52.0,299.43,73,100,1.64,BR,1667589124
almaznyy,48.0448,40.045,276.88,93,99,1.16,RU,1667589125
micheweni,-4.9667,39.8333,298.77,82,82,5.25,TZ,1667589125
kilimatinde,-5.85,34.95,301.47,30,100,3.73,TZ,1667589126
cap-aux-meules,47.3821,-61.8597,283.18,86,100,6.97,CA,1667589001
karabash,55.4808,60.2157,270.25,93,100,3.81,RU,1667589126
otjiwarongo,-20.4637,16.6477,295.68,8,17,5.71,NA,1667589127
batagay,67.6333,134.6333,247.89,98,53,1.55,RU,1667589127
mount pleasant,32.7941,-79.8626,300.41,71,75,5.66,US,1667589045
maxixe,-23.8597,35.3472,297.46,86,100,5.15,MZ,1667589128
mao,39.8885,4.2658,289.46,63,20,4.12,ES,1667588987
manado,1.487,124.8455,297.58,94,20,1.03,ID,1667589130
bayanday,53.0661,105.5139,270.34,92,100,0.93,RU,1667589130
merauke,-8.4667,140.3333,299.01,90,98,4.4,ID,1667589131
longjiang,47.3303,123.1836,270.93,51,0,3.79,CN,1667589131
kyabe,9.4515,18.9449,299.32,29,100,0.63,TD,1667589132
cordoba,-31.4135,-64.1811,303.01,14,0,6.17,AR,1667589103
tambacounda,13.7539,-13.7586,303.67,16,100,1.74,SN,1667589132
argir,61.9959,-6.7715,279.69,86,100,6.64,FO,1667589133
belaya gora,68.5333,146.4167,244.95,100,98,0.74,RU,1667588877
verkh-suetka,53.3,80.05,276.48,75,100,5.53,RU,1667589133
sulangan,11.1373,123.7228,300.99,80,14,4.45,PH,1667589134
mbini,1.574,9.6134,299.37,83,100,1.75,GQ,1667589134
moerai,-22.4333,-151.3333,295.65,73,100,8.81,PF,1667589135
aiken,33.5835,-81.5998,300.1,57,75,3.09,US,1667589135
lazaro cardenas,17.9583,-102.2,302.21,66,17,1.36,MX,1667589136
alice springs,-23.7,133.8833,283.9,46,0,0.0,AU,1667589136
haradok,55.4624,29.9816,272.91,89,6,2.43,BY,1667589137
turukhansk,65.8167,87.9833,259.38,96,100,3.19,RU,1667589137
sur,22.5667,59.5289,299.51,53,100,3.75,OM,1667589137
port-cartier,50.0334,-66.8654,280.23,75,100,4.16,CA,1667589138
bela,25.9333,81.9833,295.21,60,0,1.77,IN,1667589138
tateyama,34.9833,139.8667,287.65,72,100,7.18,JP,1667589139
okha,53.5739,142.9478,273.1,80,39,6.08,RU,1667589139
gat,31.61,34.7642,293.6,58,47,3.03,IL,1667589139
george town,5.4112,100.3354,299.11,92,40,1.54,MY,1667589140
port blair,11.6667,92.75,299.16,71,98,2.77,IN,1667588926
wainwright,52.839,-110.8572,270.15,73,21,2.34,CA,1667589141
petropavlovsk-kamchatskiy,53.0452,158.6483,271.48,100,75,1.0,RU,1667589142
boca do acre,-8.7522,-67.3978,307.6,16,100,2.07,BR,1667589142
vanimo,-2.6741,141.3028,298.64,88,99,1.58,PG,1667589142
yuancheng,36.652,107.7896,278.96,54,7,1.62,CN,1667589143
esmeraldas,-19.7625,-44.3139,293.63,65,82,2.34,BR,1667589144
rawson,-43.3002,-65.1023,302.99,16,96,12.58,AR,1667589050
henties bay,-22.116,14.2845,288.57,85,0,2.51,NA,1667589144
coihaique,-45.5752,-72.0662,300.49,21,0,3.09,CL,1667589144
oistins,13.0667,-59.5333,300.2,78,40,2.57,BB,1667589145
anadyr,64.75,177.4833,248.15,75,10,2.68,RU,1667589145
mangrol,21.1167,70.1167,300.27,60,5,1.92,IN,1667589146
takoradi,4.8845,-1.7554,299.24,86,100,2.65,GH,1667588935
havre-saint-pierre,50.2334,-63.5986,280.07,90,15,4.17,CA,1667589146
urengoy,65.9667,78.3667,260.96,99,94,2.7,RU,1667589147
glenwood springs,39.5505,-107.3248,276.6,47,1,2.82,US,1667589147
two hills,53.7169,-111.7518,272.33,82,26,2.94,CA,1667588921
roald,62.5833,6.1333,283.8,100,75,1.03,NO,1667589148
padang,-0.9492,100.3543,298.13,87,100,1.21,ID,1667589148
viedma,-40.8135,-62.9967,303.7,13,91,9.54,AR,1667589149
tura,25.5198,90.2201,291.55,87,0,1.82,IN,1667589149
richmond,37.5538,-77.4603,297.59,63,75,3.09,US,1667589031
kidal,18.4411,1.4078,299.57,18,38,5.47,ML,1667589150
maroantsetra,-15.4333,49.7333,296.15,82,92,1.34,MG,1667589150
kudahuvadhoo,2.6708,72.8944,300.14,81,98,5.57,MV,1667589151
pokhara,28.2333,83.9833,289.24,54,0,2.5,NP,1667588999
nurota,40.5614,65.6886,283.86,69,10,1.35,UZ,1667589151
chicama,-7.8447,-79.1469,291.45,56,14,4.61,PE,1667589152
kirillov,59.863,38.3813,269.72,96,22,1.36,RU,1667589152
rio gallegos,-51.6226,-69.2181,296.18,35,75,8.23,AR,1667588962
masuguru,-11.3667,38.4167,300.5,52,7,4.57,TZ,1667589152
tokonou,9.65,-9.7833,297.72,42,100,0.86,GN,1667589153
mae sai,20.4335,99.8762,290.9,77,0,0.81,TH,1667589153
kuliyapitiya,7.4688,80.0401,296.7,97,100,1.16,LK,1667589154
buzmeyin,38.0507,58.2056,286.41,60,0,3.37,TM,1667589154
souillac,-20.5167,57.5167,296.38,82,100,2.56,MU,1667589154
buri,-23.7975,-48.5928,291.8,58,52,6.17,BR,1667589155
goderich,43.7501,-81.7165,294.21,68,100,9.59,CA,1667589155
sharan,54.8167,54.0,267.19,97,30,1.52,RU,1667589156
bethal,-26.4579,29.4655,287.34,86,100,2.04,ZA,1667589156
zeya,53.75,127.2667,260.87,82,4,2.81,RU,1667589157
harper,4.375,-7.7169,299.06,84,100,2.69,LR,1667589157
serenje,-13.2325,30.2352,295.94,41,61,3.38,ZM,1667589157
lalitpur,27.6667,85.3333,288.36,82,20,1.03,NP,1667589158
vostok,46.4856,135.8833,264.14,80,5,2.13,RU,1667589158
montmagny,48.9734,2.3469,283.39,81,0,4.63,FR,1667589158
klaksvik,62.2266,-6.589,279.66,93,100,11.86,FO,1667589158
pacific grove,36.6177,-121.9166,290.59,58,0,4.02,US,1667589159
saint-louis,16.3333,-15.0,305.37,8,5,4.73,SN,1667589159
mount isa,-20.7333,139.5,293.02,26,0,3.09,AU,1667589160
porbandar,21.6422,69.6093,299.95,56,0,2.91,IN,1667588881
tucurui,-3.7661,-49.6725,304.51,53,100,1.28,BR,1667589160
pozo colorado,-23.4923,-58.7972,302.94,26,0,3.03,PY,1667589160
cayenne,4.9333,-52.3333,298.17,94,75,1.03,GF,1667589160
eldorado,-23.7869,-54.2836,295.71,49,1,2.26,BR,1667589161
bonavista,48.6499,-53.1147,279.66,74,57,1.66,CA,1667589158
matozinhos,-19.5578,-44.0814,293.39,56,40,4.12,BR,1667589161
nuuk,64.1835,-51.7216,269.49,93,100,2.06,GL,1667589161
neringa,55.3719,21.0647,282.38,73,100,10.42,LT,1667589162
khani,41.9563,42.9566,278.91,94,66,0.69,GE,1667589162
teguldet,57.3064,88.1667,266.04,97,59,0.96,RU,1667589162
broome,42.2506,-75.833,294.59,53,0,7.2,US,1667589162
luganville,-15.5333,167.1667,298.68,79,6,0.6,VU,1667589163
mana,5.6592,-53.7767,300.33,77,86,2.93,GF,1667589163
tahe,52.3333,124.7333,264.68,61,5,4.2,CN,1667589163
gushikawa,26.3544,127.8686,294.72,77,100,2.57,JP,1667589164
palmer,42.1584,-72.3287,295.66,47,47,1.34,US,1667589164
carauari,-4.8828,-66.8958,302.26,56,95,1.54,BR,1667589164
joao pinheiro,-17.7425,-46.1725,295.69,52,88,2.38,BR,1667589165
orange,33.7,-117.7675,294.47,47,75,3.6,US,1667589103
bull savanna,17.8868,-77.5902,300.15,69,27,1.38,JM,1667589165
xuanzhou,30.9525,118.7553,282.48,78,18,2.66,CN,1667589165
aripuana,-9.1667,-60.6333,307.1,29,100,1.66,BR,1667589166
marseille,43.3333,5.5,283.62,73,1,7.6,FR,1667589166
pontes e lacerda,-15.2261,-59.3353,304.1,25,2,2.98,BR,1667589166
harunabad,29.6133,73.1389,299.01,29,0,3.75,PK,1667589167
tezu,27.9167,96.1667,291.55,51,0,1.95,IN,1667589167
hapur,28.7167,77.7833,294.56,66,0,2.85,IN,1667589167
meulaboh,4.1363,96.1285,296.7,93,100,2.96,ID,1667589168
bima,-8.4667,118.7167,298.66,92,99,1.42,ID,1667589168
fukue,32.6881,128.8419,289.28,53,9,6.87,JP,1667589168
caravelas,-17.7125,-39.2481,294.8,70,100,7.04,BR,1667589169
rio grande,-32.035,-52.0986,290.68,71,92,5.72,BR,1667589169
debre sina,9.85,39.7667,285.11,67,27,1.81,ET,1667589169
chato,-2.6378,31.7669,293.38,76,100,2.13,TZ,1667589169
dutse,11.7594,9.3392,298.71,24,29,3.27,NG,1667589170
pasinler,39.9803,41.6764,276.7,53,48,2.33,TR,1667589170
narkevychi,49.5172,26.6418,279.2,77,70,3.88,UA,1667589170
tabou,4.423,-7.3528,299.14,83,100,2.66,CI,1667589171
guarapari,-20.6667,-40.4975,295.31,65,4,6.18,BR,1667589171
araouane,18.9048,-3.5265,300.75,12,0,2.84,ML,1667589171
tukrah,32.5341,20.5791,293.74,69,0,1.2,LY,1667589172
groningen,53.25,6.75,282.06,86,93,3.09,NL,1667589172
kanker,20.2719,81.4931,290.53,65,0,1.26,IN,1667589172
lubango,-14.9172,13.4925,290.14,73,54,2.18,AO,1667589173
caramay,10.1815,119.236,299.09,87,70,2.06,PH,1667589173
shingu,33.7333,135.9833,285.07,74,0,2.56,JP,1667589173
vao,-22.6667,167.4833,297.36,84,34,9.37,NC,1667589173
marystown,47.1666,-55.1483,283.72,81,12,6.6,CA,1667588880
